Noverall,DLTRate,Design,Scenario
43.158,0.0548522116772117,0,AllSafe
42.531,0.0594492923742924,1,AllSafe
42.8108108108108,0.057731662361292,2,AllSafe
42.042,0.0615471694971695,3,AllSafe
42.1052104208417,0.0610512094229529,4,AllSafe
