Noverall,DLTRate,Design,Scenario
6.08467741935484,0.472216621863799,0,AllToxic
6.38407258064516,0.47354481595913,1,AllToxic
6.07258064516129,0.472343611809338,2,AllToxic
6.975,0.476129296629297,3,AllToxic
6.8978978978979,0.476151479855184,4,AllToxic
