Dose,Rate
10,0.024617002634748426
25,0.07044694801704343
50,0.1482911277076776
100,0.2857142857142857
200,0.4788840383385575
400,0.6785819196016653
800,0.8290683906248135
