"","Dose","Rate","MTDFreq","MTDFlag","Npat","Noverall","DLTRate","FinishedSim"
"1",10,0.008,0,"",3,44.1072144288577,0.052086346074322,998
"2",25,0.0094,0,"",3.05410821643287,44.1072144288577,0.052086346074322,998
"3",50,0.0116,0,"",3.51703406813627,44.1072144288577,0.052086346074322,998
"4",100,0.0162,0,"",6.91382765531062,44.1072144288577,0.052086346074322,998
"5",200,0.0253,0,"",3.98897795591182,44.1072144288577,0.052086346074322,998
"6",400,0.0435,0,"",4.47294589178357,44.1072144288577,0.052086346074322,998
"7",800,0.08,0.0030060120240481,"",19.1603206412826,44.1072144288577,0.052086346074322,998
"8",-1,NA,0.0210420841683367,NA,NA,44.1072144288577,0.052086346074322,998
"9",999999,NA,0.975951903807615,NA,NA,44.1072144288577,0.052086346074322,998
