"","Dose","Rate","MTDFreq","MTDFlag","Npat","Noverall","DLTRate","FinishedSim"
"1",10,0.4,0.033,"",4.311,6.561,0.468128367003367,1000
"2",25,0.4057,0.019,"",1.662,6.561,0.468128367003367,1000
"3",50,0.4152,0.008,"",0.546,6.561,0.468128367003367,1000
"4",100,0.4342,0,"",0.042,6.561,0.468128367003367,1000
"5",200,0.4722,0,"",0,6.561,0.468128367003367,1000
"6",400,0.5481,0,"",0,6.561,0.468128367003367,1000
"7",800,0.7,0,"",0,6.561,0.468128367003367,1000
"8",-1,NA,0.937,NA,NA,6.561,0.468128367003367,1000
"9",999999,NA,0.003,NA,NA,6.561,0.468128367003367,1000
