"","Dose","Rate","MTDFreq","MTDFlag","Npat","Noverall","DLTRate","FinishedSim"
"1",10,0.4,0.03,"",4.287,6.615,0.468289305139305,1000
"2",25,0.4057,0.02,"",1.692,6.615,0.468289305139305,1000
"3",50,0.4152,0.006,"",0.543,6.615,0.468289305139305,1000
"4",100,0.4342,0.002,"",0.084,6.615,0.468289305139305,1000
"5",200,0.4722,0,"",0.009,6.615,0.468289305139305,1000
"6",400,0.5481,0,"",0,6.615,0.468289305139305,1000
"7",800,0.7,0,"",0,6.615,0.468289305139305,1000
"8",-1,NA,0.938,NA,NA,6.615,0.468289305139305,1000
"9",999999,NA,0.004,NA,NA,6.615,0.468289305139305,1000
