"","Dose","Rate","MTDFreq","MTDFlag","Npat","Noverall","DLTRate","FinishedSim"
"1",10,0.4,0.016,"",3.765,7.563,0.471505996780997,1000
"2",25,0.4057,0.029,"",1.947,7.563,0.471505996780997,1000
"3",50,0.4152,0.015,"",1.269,7.563,0.471505996780997,1000
"4",100,0.4342,0.006,"",0.414,7.563,0.471505996780997,1000
"5",200,0.4722,0.001,"",0.138,7.563,0.471505996780997,1000
"6",400,0.5481,0,"",0.03,7.563,0.471505996780997,1000
"7",800,0.7,0,"",0,7.563,0.471505996780997,1000
"8",-1,NA,0.914,NA,NA,7.563,0.471505996780997,1000
"9",999999,NA,0.019,NA,NA,7.563,0.471505996780997,1000
