Dose,Rate,MTDFreq,MTDFlag,Npat,Noverall,DLTRate,FinishedSim
10,2e-4,0,,3,41.652,0.17872833277833278,1000
25,0.0013,0,,3,41.652,0.17872833277833278,1000
50,0.0051,0,,3,41.652,0.17872833277833278,1000
100,0.02,0,,3.3,41.652,0.17872833277833278,1000
200,0.0755,0.043,,10.071,41.652,0.17872833277833278,1000
400,0.2462,0.433,*,13.62,41.652,0.17872833277833278,1000
800,0.5664,0.004,,5.661,41.652,0.17872833277833278,1000
999999,NA,0.52,NA,NA,41.652,0.17872833277833278,1000
