Dose,Rate,MTDFreq,MTDFlag,Npat,Noverall,DLTRate,FinishedSim
10,2e-4,0,,3,43.254,0.13499760794760796,1000
25,0.0013,0,,3.018,43.254,0.13499760794760796,1000
50,0.0051,0,,3.342,43.254,0.13499760794760796,1000
100,0.02,0,,4.728,43.254,0.13499760794760796,1000
200,0.0755,0.028,,14.22,43.254,0.13499760794760796,1000
400,0.2462,0.28,*,12.246,43.254,0.13499760794760796,1000
800,0.5664,0.001,,2.7,43.254,0.13499760794760796,1000
999999,NA,0.691,NA,NA,43.254,0.13499760794760796,1000
