Dose,Rate,MTDFreq,MTDFlag,Npat,Noverall,DLTRate,FinishedSim
10,0.008,0,,3,41.436,0.1891896177896178,1000
25,0.011,0,,3.03,41.436,0.1891896177896178,1000
50,0.018,0,,3.498,41.436,0.1891896177896178,1000
100,0.0455,0.007,,10.092,41.436,0.1891896177896178,1000
200,0.227,0.437,*,15.687,41.436,0.1891896177896178,1000
400,0.582,0.006,,5.811,41.436,0.1891896177896178,1000
800,0.6,0,,0.318,41.436,0.1891896177896178,1000
-1,NA,0.021,NA,NA,41.436,0.1891896177896178,1000
999999,NA,0.529,NA,NA,41.436,0.1891896177896178,1000
