"","Dose","Rate","MTDFreq","MTDFlag","Npat","Noverall","DLTRate","FinishedSim"
"1",10,0.008,0,"",3,43.5751503006012,0.0525944496385378,998
"2",25,0.0094,0,"",3.05410821643287,43.5751503006012,0.0525944496385378,998
"3",50,0.0116,0,"",3.51703406813627,43.5751503006012,0.0525944496385378,998
"4",100,0.0162,0.00100200400801603,"",6.88977955911824,43.5751503006012,0.0525944496385378,998
"5",200,0.0253,0.00200400801603206,"",3.97695390781563,43.5751503006012,0.0525944496385378,998
"6",400,0.0435,0.0100200400801603,"",4.37074148296593,43.5751503006012,0.0525944496385378,998
"7",800,0.08,0.0531062124248497,"",18.7665330661323,43.5751503006012,0.0525944496385378,998
"8",-1,NA,0.0210420841683367,NA,NA,43.5751503006012,0.0525944496385378,998
"9",999999,NA,0.912825651302605,NA,NA,43.5751503006012,0.0525944496385378,998
