"","Dose","Rate","MTDFreq","MTDFlag","Npat","Noverall","DLTRate","FinishedSim"
"1",10,0.008,0,"",3,44.0873493975904,0.0607704934512163,996
"2",25,0.0094,0,"",2.94578313253012,44.0873493975904,0.0607704934512163,996
"3",50,0.0116,0,"",2.9578313253012,44.0873493975904,0.0607704934512163,996
"4",100,0.0162,0,"",2.96084337349398,44.0873493975904,0.0607704934512163,996
"5",200,0.0253,0,"",3.03012048192771,44.0873493975904,0.0607704934512163,996
"6",400,0.0435,0,"",3.58132530120482,44.0873493975904,0.0607704934512163,996
"7",800,0.08,0.0130522088353414,"",25.6114457831325,44.0873493975904,0.0607704934512163,996
"8",-1,NA,0.0210843373493976,NA,NA,44.0873493975904,0.0607704934512163,996
"9",999999,NA,0.965863453815261,NA,NA,44.0873493975904,0.0607704934512163,996
