"","Dose","Rate","MTDFreq","MTDFlag","Npat","Noverall","DLTRate","FinishedSim"
"1",10,0.008,0,"",3,44.0903614457831,0.0573361934807718,996
"2",25,0.0094,0,"",3.02409638554217,44.0903614457831,0.0573361934807718,996
"3",50,0.0116,0,"",3.34638554216867,44.0903614457831,0.0573361934807718,996
"4",100,0.0162,0,"",3.55722891566265,44.0903614457831,0.0573361934807718,996
"5",200,0.0253,0,"",3.96385542168675,44.0903614457831,0.0573361934807718,996
"6",400,0.0435,0.00100401606425703,"",4.25903614457831,44.0903614457831,0.0573361934807718,996
"7",800,0.08,0.00401606425702811,"",22.9397590361446,44.0903614457831,0.0573361934807718,996
"8",-1,NA,0.0210843373493976,NA,NA,44.0903614457831,0.0573361934807718,996
"9",999999,NA,0.973895582329317,NA,NA,44.0903614457831,0.0573361934807718,996
