"","Dose","Rate","MTDFreq","MTDFlag","Npat","Noverall","DLTRate","FinishedSim"
"1",10,0.008,0,"",3,43.1626506024096,0.0581588118485709,996
"2",25,0.0094,0,"",3.02409638554217,43.1626506024096,0.0581588118485709,996
"3",50,0.0116,0,"",3.34638554216867,43.1626506024096,0.0581588118485709,996
"4",100,0.0162,0,"",3.55722891566265,43.1626506024096,0.0581588118485709,996
"5",200,0.0253,0.00502008032128514,"",3.89457831325301,43.1626506024096,0.0581588118485709,996
"6",400,0.0435,0.0130522088353414,"",4.07228915662651,43.1626506024096,0.0581588118485709,996
"7",800,0.08,0.0793172690763052,"",22.2680722891566,43.1626506024096,0.0581588118485709,996
"8",-1,NA,0.0210843373493976,NA,NA,43.1626506024096,0.0581588118485709,996
"9",999999,NA,0.881526104417671,NA,NA,43.1626506024096,0.0581588118485709,996
