"","Dose","Rate","MTDFreq","MTDFlag","Npat","Noverall","DLTRate","FinishedSim"
"1",10,0.008,0,"",3,42.828313253012,0.0598054695193249,996
"2",25,0.0094,0,"",3,42.828313253012,0.0598054695193249,996
"3",50,0.0116,0,"",3.12951807228916,42.828313253012,0.0598054695193249,996
"4",100,0.0162,0,"",3.37048192771084,42.828313253012,0.0598054695193249,996
"5",200,0.0253,0.00602409638554217,"",3.58132530120482,42.828313253012,0.0598054695193249,996
"6",400,0.0435,0.0200803212851406,"",3.88253012048193,42.828313253012,0.0598054695193249,996
"7",800,0.08,0.0963855421686747,"",22.8644578313253,42.828313253012,0.0598054695193249,996
"8",-1,NA,0.0210843373493976,NA,NA,42.828313253012,0.0598054695193249,996
"9",999999,NA,0.856425702811245,NA,NA,42.828313253012,0.0598054695193249,996
