"","Dose","Rate","MTDFreq","MTDFlag","Npat","Noverall","DLTRate","FinishedSim"
"1",10,0.008,0,"",3,42.4789156626506,0.0623320343199861,996
"2",25,0.0094,0,"",2.94578313253012,42.4789156626506,0.0623320343199861,996
"3",50,0.0116,0,"",2.9578313253012,42.4789156626506,0.0623320343199861,996
"4",100,0.0162,0,"",2.96084337349398,42.4789156626506,0.0623320343199861,996
"5",200,0.0253,0.00502008032128514,"",3.0210843373494,42.4789156626506,0.0623320343199861,996
"6",400,0.0435,0.0160642570281124,"",3.46385542168675,42.4789156626506,0.0623320343199861,996
"7",800,0.08,0.113453815261044,"",24.1295180722892,42.4789156626506,0.0623320343199861,996
"8",-1,NA,0.0210843373493976,NA,NA,42.4789156626506,0.0623320343199861,996
"9",999999,NA,0.844377510040161,NA,NA,42.4789156626506,0.0623320343199861,996
