"","Dose","Rate","MTDFreq","MTDFlag","Npat","Noverall","DLTRate","FinishedSim"
"1",10,0.4,0.043,"",3.87,5.892,0.465490247715248,1000
"2",25,0.4057,0.036,"",1.473,5.892,0.465490247715248,1000
"3",50,0.4152,0.012,"",0.462,5.892,0.465490247715248,1000
"4",100,0.4342,0.002,"",0.078,5.892,0.465490247715248,1000
"5",200,0.4722,0,"",0.009,5.892,0.465490247715248,1000
"6",400,0.5481,0,"",0,5.892,0.465490247715248,1000
"7",800,0.7,0,"",0,5.892,0.465490247715248,1000
"8",-1,NA,0.907,NA,NA,5.892,0.465490247715248,1000
