"","Dose","Rate","MTDFreq","MTDFlag","Npat","Noverall","DLTRate","FinishedSim"
"1",10,0.4,0.022,"",3.888,7.476,0.471165355015355,1000
"2",25,0.4057,0.027,"",1.905,7.476,0.471165355015355,1000
"3",50,0.4152,0.014,"",1.167,7.476,0.471165355015355,1000
"4",100,0.4342,0.004,"",0.366,7.476,0.471165355015355,1000
"5",200,0.4722,0,"",0.123,7.476,0.471165355015355,1000
"6",400,0.5481,0,"",0.024,7.476,0.471165355015355,1000
"7",800,0.7,0,"",0.003,7.476,0.471165355015355,1000
"8",-1,NA,0.917,NA,NA,7.476,0.471165355015355,1000
"9",999999,NA,0.016,NA,NA,7.476,0.471165355015355,1000
