"","Dose","Rate","MTDFreq","MTDFlag","Npat","Noverall","DLTRate","FinishedSim"
"1",10,0.4,0.029,"",3.615,6.48,0.467265991415991,1000
"2",25,0.4057,0.049,"",1.575,6.48,0.467265991415991,1000
"3",50,0.4152,0.019,"",0.921,6.48,0.467265991415991,1000
"4",100,0.4342,0.009,"",0.276,6.48,0.467265991415991,1000
"5",200,0.4722,0.002,"",0.075,6.48,0.467265991415991,1000
"6",400,0.5481,0,"",0.018,6.48,0.467265991415991,1000
"7",800,0.7,0,"",0,6.48,0.467265991415991,1000
"8",-1,NA,0.891,NA,NA,6.48,0.467265991415991,1000
"9",999999,NA,0.001,NA,NA,6.48,0.467265991415991,1000
