"","Dose","Rate","MTDFreq","MTDFlag","Npat","Noverall","DLTRate","FinishedSim"
"1",10,0.4,0.038,"",3.777,6.294,0.466904754504754,1000
"2",25,0.4057,0.042,"",1.716,6.294,0.466904754504754,1000
"3",50,0.4152,0.014,"",0.591,6.294,0.466904754504754,1000
"4",100,0.4342,0.002,"",0.177,6.294,0.466904754504754,1000
"5",200,0.4722,0.001,"",0.03,6.294,0.466904754504754,1000
"6",400,0.5481,0,"",0.003,6.294,0.466904754504754,1000
"7",800,0.7,0,"",0,6.294,0.466904754504754,1000
"8",-1,NA,0.9,NA,NA,6.294,0.466904754504754,1000
"9",999999,NA,0.003,NA,NA,6.294,0.466904754504754,1000
