"","Dose","Rate","MTDFreq","MTDFlag","Npat","Noverall","DLTRate","FinishedSim"
"1",10,0.4,0.026,"",4.083,7.185,0.470467272542272,1000
"2",25,0.4057,0.022,"",2.076,7.185,0.470467272542272,1000
"3",50,0.4152,0.006,"",0.744,7.185,0.470467272542272,1000
"4",100,0.4342,0.001,"",0.231,7.185,0.470467272542272,1000
"5",200,0.4722,0,"",0.042,7.185,0.470467272542272,1000
"6",400,0.5481,0,"",0.009,7.185,0.470467272542272,1000
"7",800,0.7,0,"",0,7.185,0.470467272542272,1000
"8",-1,NA,0.927,NA,NA,7.185,0.470467272542272,1000
"9",999999,NA,0.018,NA,NA,7.185,0.470467272542272,1000
