"","Dose","Rate","MTDFreq","MTDFlag","Npat","Noverall","DLTRate","FinishedSim"
"1",10,0.4,0.033,"",3.618,6.375,0.467004308654309,1000
"2",25,0.4057,0.048,"",1.536,6.375,0.467004308654309,1000
"3",50,0.4152,0.019,"",0.885,6.375,0.467004308654309,1000
"4",100,0.4342,0.008,"",0.252,6.375,0.467004308654309,1000
"5",200,0.4722,0.002,"",0.069,6.375,0.467004308654309,1000
"6",400,0.5481,0,"",0.015,6.375,0.467004308654309,1000
"7",800,0.7,0,"",0,6.375,0.467004308654309,1000
"8",-1,NA,0.889,NA,NA,6.375,0.467004308654309,1000
"9",999999,NA,0.001,NA,NA,6.375,0.467004308654309,1000
