Dose,Rate,MTDFreq,MTDFlag,Npat,Noverall,DLTRate,FinishedSim
10,2e-4,0,,2.997,44.192192192192195,0.11553530997975442,999
25,0.0013,0,,3.024,44.192192192192195,0.11553530997975442,999
50,0.0051,0,,3.429,44.192192192192195,0.11553530997975442,999
100,0.02,0,,8.526,44.192192192192195,0.11553530997975442,999
200,0.0755,0.013,,13.446,44.192192192192195,0.11553530997975442,999
400,0.2462,0.164,*,10.353,44.192192192192195,0.11553530997975442,999
800,0.5664,0.001,,2.373,44.192192192192195,0.11553530997975442,999
999999,NA,0.821,NA,NA,44.192192192192195,0.11553530997975442,999
