Dose,Rate,MTDFreq,MTDFlag,Npat,Noverall,DLTRate,FinishedSim
10,2e-4,0,,3,41.541,0.18517009287009287,1000
25,0.0013,0,,3,41.541,0.18517009287009287,1000
50,0.0051,0,,3,41.541,0.18517009287009287,1000
100,0.02,0,,3.216,41.541,0.18517009287009287,1000
200,0.0755,0.053,,9.645,41.541,0.18517009287009287,1000
400,0.2462,0.422,*,13.299,41.541,0.18517009287009287,1000
800,0.5664,0.004,,6.381,41.541,0.18517009287009287,1000
999999,NA,0.521,NA,NA,41.541,0.18517009287009287,1000
