"","Dose","Rate","MTDFreq","MTDFlag","Npat","Noverall","DLTRate","FinishedSim"
"1",10,2e-04,0,"",3,37.581,0.127754736004736,1000
"2",25,0.0013,0,"",3.018,37.581,0.127754736004736,1000
"3",50,0.0051,0,"",3.342,37.581,0.127754736004736,1000
"4",100,0.02,0.001,"",4.674,37.581,0.127754736004736,1000
"5",200,0.0755,0.145,"",11.778,37.581,0.127754736004736,1000
"6",400,0.2462,0.494,"*",9.213,37.581,0.127754736004736,1000
"7",800,0.5664,0.019,"",2.556,37.581,0.127754736004736,1000
"8",999999,NA,0.341,NA,NA,37.581,0.127754736004736,1000
