Dose,Rate,MTDFreq,MTDFlag,Npat,Noverall,DLTRate,FinishedSim
10,2e-4,0,,3,42.843,0.16380444555444557,1000
25,0.0013,0,,3.015,42.843,0.16380444555444557,1000
50,0.0051,0,,3.222,42.843,0.16380444555444557,1000
100,0.02,0,,4.137,42.843,0.16380444555444557,1000
200,0.0755,0.031,,10.974,42.843,0.16380444555444557,1000
400,0.2462,0.364,*,13.86,42.843,0.16380444555444557,1000
800,0.5664,0.001,,4.635,42.843,0.16380444555444557,1000
999999,NA,0.604,NA,NA,42.843,0.16380444555444557,1000
