"","Dose","Rate","MTDFreq","MTDFlag","Npat","Noverall","DLTRate","FinishedSim"
"1",10,2e-04,0,"",3,32.592,0.153712472712473,1000
"2",25,0.0013,0,"",3,32.592,0.153712472712473,1000
"3",50,0.0051,0,"",3,32.592,0.153712472712473,1000
"4",100,0.02,0.003,"",3.237,32.592,0.153712472712473,1000
"5",200,0.0755,0.213,"",7.398,32.592,0.153712472712473,1000
"6",400,0.2462,0.585,"*",9.087,32.592,0.153712472712473,1000
"7",800,0.5664,0.029,"",3.87,32.592,0.153712472712473,1000
"8",999999,NA,0.17,NA,NA,32.592,0.153712472712473,1000
