"","Dose","Rate","MTDFreq","MTDFlag","Npat","Noverall","DLTRate","FinishedSim"
"1",10,2e-04,0,"",3,39.9099099099099,0.109832284832285,999
"2",25,0.0013,0,"",3.02702702702703,39.9099099099099,0.109832284832285,999
"3",50,0.0051,0,"",3.43243243243243,39.9099099099099,0.109832284832285,999
"4",100,0.02,0.002002002002002,"",8.45645645645646,39.9099099099099,0.109832284832285,999
"5",200,0.0755,0.0980980980980981,"",11.6606606606607,39.9099099099099,0.109832284832285,999
"6",400,0.2462,0.363363363363363,"*",8.03903903903904,39.9099099099099,0.109832284832285,999
"7",800,0.5664,0.019019019019019,"",2.29429429429429,39.9099099099099,0.109832284832285,999
"8",999999,NA,0.517517517517518,NA,NA,39.9099099099099,0.109832284832285,999
