"","Dose","Rate","MTDFreq","MTDFlag","Npat","Noverall","DLTRate","FinishedSim"
"1",10,2e-04,0,"",3,36.384,0.144962150812151,1000
"2",25,0.0013,0,"",3.015,36.384,0.144962150812151,1000
"3",50,0.0051,0,"",3.222,36.384,0.144962150812151,1000
"4",100,0.02,0.002,"",4.083,36.384,0.144962150812151,1000
"5",200,0.0755,0.166,"",9.309,36.384,0.144962150812151,1000
"6",400,0.2462,0.551,"*",10.386,36.384,0.144962150812151,1000
"7",800,0.5664,0.032,"",3.369,36.384,0.144962150812151,1000
"8",999999,NA,0.249,NA,NA,36.384,0.144962150812151,1000
