"","Dose","Rate","MTDFreq","MTDFlag","Npat","Noverall","DLTRate","FinishedSim"
"1",10,0.008,0,"",3,34.785,0.164857612757613,1000
"2",25,0.011,0,"",3.03,34.785,0.164857612757613,1000
"3",50,0.018,0,"",3.498,34.785,0.164857612757613,1000
"4",100,0.0455,0.033,"",9.012,34.785,0.164857612757613,1000
"5",200,0.227,0.693,"*",11.964,34.785,0.164857612757613,1000
"6",400,0.582,0.027,"",3.984,34.785,0.164857612757613,1000
"7",800,0.6,0.001,"",0.297,34.785,0.164857612757613,1000
"8",-1,NA,0.021,NA,NA,34.785,0.164857612757613,1000
"9",999999,NA,0.225,NA,NA,34.785,0.164857612757613,1000
