Dose,Rate,MTDFreq,MTDFlag,Npat,Noverall,DLTRate,FinishedSim
10,0.008,0,,2.997,43.22222222222222,0.12115340448673782,999
25,0.011,0,,3.099,43.22222222222222,0.12115340448673782,999
50,0.018,0,,4.443,43.22222222222222,0.12115340448673782,999
100,0.0455,0.002,,18.588,43.22222222222222,0.12115340448673782,999
200,0.227,0.178,*,11.889,43.22222222222222,0.12115340448673782,999
400,0.582,0.002,,2.001,43.22222222222222,0.12115340448673782,999
800,0.6,0,,0.162,43.22222222222222,0.12115340448673782,999
-1,NA,0.021,NA,NA,43.22222222222222,0.12115340448673782,999
999999,NA,0.796,NA,NA,43.22222222222222,0.12115340448673782,999
