"","Dose","Rate","MTDFreq","MTDFlag","Npat","Noverall","DLTRate","FinishedSim"
"1",10,0.008,0,"",3,32.004,0.177766028416028,1000
"2",25,0.011,0,"",2.955,32.004,0.177766028416028,1000
"3",50,0.018,0,"",3.042,32.004,0.177766028416028,1000
"4",100,0.0455,0.05,"",7.371,32.004,0.177766028416028,1000
"5",200,0.227,0.689,"*",10.695,32.004,0.177766028416028,1000
"6",400,0.582,0.036,"",4.236,32.004,0.177766028416028,1000
"7",800,0.6,0.001,"",0.705,32.004,0.177766028416028,1000
"8",-1,NA,0.021,NA,NA,32.004,0.177766028416028,1000
"9",999999,NA,0.203,NA,NA,32.004,0.177766028416028,1000
