"","Dose","Rate","MTDFreq","MTDFlag","Npat","Noverall","DLTRate","FinishedSim"
"1",10,0.008,0,"",3,39.3603603603604,0.1166968333635,999
"2",25,0.011,0,"",3.1021021021021,39.3603603603604,0.1166968333635,999
"3",50,0.018,0.001001001001001,"",4.42942942942943,39.3603603603604,0.1166968333635,999
"4",100,0.0455,0.022022022022022,"",17.6336336336336,39.3603603603604,0.1166968333635,999
"5",200,0.227,0.356356356356356,"*",9.08708708708709,39.3603603603604,0.1166968333635,999
"6",400,0.582,0.012012012012012,"",1.94594594594595,39.3603603603604,0.1166968333635,999
"7",800,0.6,0,"",0.162162162162162,39.3603603603604,0.1166968333635,999
"8",-1,NA,0.021021021021021,NA,NA,39.3603603603604,0.1166968333635,999
"9",999999,NA,0.587587587587588,NA,NA,39.3603603603604,0.1166968333635,999
