Dose,Rate,MTDFreq,MTDFlag,Npat,Noverall,DLTRate,FinishedSim
10,0.008,0,,2.997,42.06306306306306,0.14242449612819982,999
25,0.011,0,,3.057,42.06306306306306,0.14242449612819982,999
50,0.018,0,,3.945,42.06306306306306,0.14242449612819982,999
100,0.0455,0.004,,14.274,42.06306306306306,0.14242449612819982,999
200,0.227,0.328,*,14.967,42.06306306306306,0.14242449612819982,999
400,0.582,0.007,,2.544,42.06306306306306,0.14242449612819982,999
800,0.6,0,,0.237,42.06306306306306,0.14242449612819982,999
-1,NA,0.021,NA,NA,42.06306306306306,0.14242449612819982,999
999999,NA,0.639,NA,NA,42.06306306306306,0.14242449612819982,999
