"","Dose","Rate","MTDFreq","MTDFlag","Npat","Noverall","DLTRate","FinishedSim"
"1",10,0.008,0,"",3,36.2162162162162,0.134679448568337,999
"2",25,0.011,0,"",3.06006006006006,36.2162162162162,0.134679448568337,999
"3",50,0.018,0,"",3.94894894894895,36.2162162162162,0.134679448568337,999
"4",100,0.0455,0.029029029029029,"",13.033033033033,36.2162162162162,0.134679448568337,999
"5",200,0.227,0.538538538538539,"*",10.5465465465465,36.2162162162162,0.134679448568337,999
"6",400,0.582,0.025025025025025,"",2.3963963963964,36.2162162162162,0.134679448568337,999
"7",800,0.6,0.001001001001001,"",0.231231231231231,36.2162162162162,0.134679448568337,999
"8",-1,NA,0.021021021021021,NA,NA,36.2162162162162,0.134679448568337,999
"9",999999,NA,0.385385385385385,NA,NA,36.2162162162162,0.134679448568337,999
