Dose,Rate,MTDFreq,MTDFlag,Npat,Noverall,DLTRate,FinishedSim
10,0.008,0,,3,40.542,0.20351522366522368,1000
25,0.011,0,,2.955,40.542,0.20351522366522368,1000
50,0.018,0,,3.045,40.542,0.20351522366522368,1000
100,0.0455,0.01,,8.928,40.542,0.20351522366522368,1000
200,0.227,0.504,*,15.459,40.542,0.20351522366522368,1000
400,0.582,0.008,,6.357,40.542,0.20351522366522368,1000
800,0.6,0,,0.798,40.542,0.20351522366522368,1000
-1,NA,0.021,NA,NA,40.542,0.20351522366522368,1000
999999,NA,0.457,NA,NA,40.542,0.20351522366522368,1000
