Dose,Rate,MTDFreq,MTDFlag,Npat,Noverall,DLTRate,FinishedSim
10,0.0246170026347484,0,,3.072,38.331,0.2211606782106782,1000
25,0.0704469480170434,0.001,,4.89,38.331,0.2211606782106782,1000
50,0.148291127707677,0.15,,12.732,38.331,0.2211606782106782,1000
100,0.285714285714285,0.298,*,13.872,38.331,0.2211606782106782,1000
200,0.47888403833855703,0.01,,3.582,38.331,0.2211606782106782,1000
400,0.678581919601665,0,,0.18,38.331,0.2211606782106782,1000
800,0.829068390624813,0,,0.003,38.331,0.2211606782106782,1000
-1,NA,0.066,NA,NA,38.331,0.2211606782106782,1000
999999,NA,0.475,NA,NA,38.331,0.2211606782106782,1000
