"","Dose","Rate","MTDFreq","MTDFlag","Npat","Noverall","DLTRate","FinishedSim"
"1",10,0.0246170026347484,0.001001001001001,"",3.15615615615616,30.6276276276276,0.182813039294521,999
"2",25,0.0704469480170434,0.027027027027027,"",5.55255255255255,30.6276276276276,0.182813039294521,999
"3",50,0.148291127707677,0.351351351351351,"",13.7507507507508,30.6276276276276,0.182813039294521,999
"4",100,0.285714285714285,0.314314314314314,"*",6.90990990990991,30.6276276276276,0.182813039294521,999
"5",200,0.478884038338557,0.013013013013013,"",1.16216216216216,30.6276276276276,0.182813039294521,999
"6",400,0.678581919601665,0,"",0.0930930930930931,30.6276276276276,0.182813039294521,999
"7",800,0.829068390624813,0,"",0.003003003003003,30.6276276276276,0.182813039294521,999
"8",-1,NA,0.0660660660660661,NA,NA,30.6276276276276,0.182813039294521,999
"9",999999,NA,0.227227227227227,NA,NA,30.6276276276276,0.182813039294521,999
