Dose,Rate,MTDFreq,MTDFlag,Npat,Noverall,DLTRate,FinishedSim
10,0.0246170026347484,0,,3.195,39.81681681681682,0.16847255921329995,999
25,0.0704469480170434,0.004,,7.728,39.81681681681682,0.16847255921329995,999
50,0.148291127707677,0.157,,21.135,39.81681681681682,0.16847255921329995,999
100,0.285714285714285,0.098,*,7.236,39.81681681681682,0.16847255921329995,999
200,0.47888403833855703,0,,0.45,39.81681681681682,0.16847255921329995,999
400,0.678581919601665,0,,0.033,39.81681681681682,0.16847255921329995,999
800,0.829068390624813,0,,0,39.81681681681682,0.16847255921329995,999
-1,NA,0.066,NA,NA,39.81681681681682,0.16847255921329995,999
999999,NA,0.674,NA,NA,39.81681681681682,0.16847255921329995,999
