Dose,Rate,MTDFreq,MTDFlag,Npat,Noverall,DLTRate,FinishedSim
10,0.0246170026347484,0,,3.054,37.74,0.24808758278758278,1000
25,0.0704469480170434,0.002,,3.915,37.74,0.24808758278758278,1000
50,0.148291127707677,0.162,,10.698,37.74,0.24808758278758278,1000
100,0.285714285714285,0.32,*,13.125,37.74,0.24808758278758278,1000
200,0.47888403833855703,0.018,,6.078,37.74,0.24808758278758278,1000
400,0.678581919601665,0,,0.813,37.74,0.24808758278758278,1000
800,0.829068390624813,0,,0.057,37.74,0.24808758278758278,1000
-1,NA,0.066,NA,NA,37.74,0.24808758278758278,1000
999999,NA,0.432,NA,NA,37.74,0.24808758278758278,1000
