"","Dose","Rate","MTDFreq","MTDFlag","Npat","Noverall","DLTRate","FinishedSim"
"1",10,0.0246170026347484,0.001001001001001,"",3.17417417417417,33.3333333333333,0.16865584458177,999
"2",25,0.0704469480170434,0.03003003003003,"",7.003003003003,33.3333333333333,0.16865584458177,999
"3",50,0.148291127707677,0.322322322322322,"",16.7177177177177,33.3333333333333,0.16865584458177,999
"4",100,0.285714285714285,0.184184184184184,"*",5.97597597597598,33.3333333333333,0.16865584458177,999
"5",200,0.478884038338557,0.00600600600600601,"",0.429429429429429,33.3333333333333,0.16865584458177,999
"6",400,0.678581919601665,0,"",0.033033033033033,33.3333333333333,0.16865584458177,999
"7",800,0.829068390624813,0,"",0,33.3333333333333,0.16865584458177,999
"8",-1,NA,0.0660660660660661,NA,NA,33.3333333333333,0.16865584458177,999
"9",999999,NA,0.39039039039039,NA,NA,33.3333333333333,0.16865584458177,999
