"","Dose","Rate","MTDFreq","MTDFlag","Npat","Noverall","DLTRate","FinishedSim"
"1",10,0.008,0,"",3.012,43.158,0.0548522116772117,1000
"2",25,0.0094,0,"",3.03,43.158,0.0548522116772117,1000
"3",50,0.0116,0,"",3.285,43.158,0.0548522116772117,1000
"4",100,0.0162,0.001,"",5.382,43.158,0.0548522116772117,1000
"5",200,0.0253,0.005,"",3.594,43.158,0.0548522116772117,1000
"6",400,0.0435,0.021,"",4.014,43.158,0.0548522116772117,1000
"7",800,0.08,0.095,"",20.841,43.158,0.0548522116772117,1000
"8",-1,NA,0.017,NA,NA,43.158,0.0548522116772117,1000
"9",999999,NA,0.861,NA,NA,43.158,0.0548522116772117,1000
