"","Dose","Rate","MTDFreq","MTDFlag","Npat","Noverall","DLTRate","FinishedSim"
"1",10,0.008,0,"",3,42.042,0.0615471694971695,1000
"2",25,0.0094,0,"",2.958,42.042,0.0615471694971695,1000
"3",50,0.0116,0,"",2.97,42.042,0.0615471694971695,1000
"4",100,0.0162,0,"",2.973,42.042,0.0615471694971695,1000
"5",200,0.0253,0.005,"",3.03,42.042,0.0615471694971695,1000
"6",400,0.0435,0.02,"",3.255,42.042,0.0615471694971695,1000
"7",800,0.08,0.151,"",23.856,42.042,0.0615471694971695,1000
"8",-1,NA,0.017,NA,NA,42.042,0.0615471694971695,1000
"9",999999,NA,0.807,NA,NA,42.042,0.0615471694971695,1000
