"","Dose","Rate","MTDFreq","MTDFlag","Npat","Noverall","DLTRate","FinishedSim"
"1",10,0.008,0,"",3.01201201201201,42.8108108108108,0.057731662361292,999
"2",25,0.0094,0,"",3.03003003003003,42.8108108108108,0.057731662361292,999
"3",50,0.0116,0,"",3.26426426426426,42.8108108108108,0.057731662361292,999
"4",100,0.0162,0.001001001001001,"",3.70870870870871,42.8108108108108,0.057731662361292,999
"5",200,0.0253,0.004004004004004,"",3.57657657657658,42.8108108108108,0.057731662361292,999
"6",400,0.0435,0.018018018018018,"",4.01801801801802,42.8108108108108,0.057731662361292,999
"7",800,0.08,0.119119119119119,"",22.2012012012012,42.8108108108108,0.057731662361292,999
"8",-1,NA,0.017017017017017,NA,NA,42.8108108108108,0.057731662361292,999
"9",999999,NA,0.840840840840841,NA,NA,42.8108108108108,0.057731662361292,999
