"","Dose","Rate","MTDFreq","MTDFlag","Npat","Noverall","DLTRate","FinishedSim"
"1",10,0.008,0,"",3.012,42.531,0.0594492923742924,1000
"2",25,0.0094,0,"",3.006,42.531,0.0594492923742924,1000
"3",50,0.0116,0,"",3,42.531,0.0594492923742924,1000
"4",100,0.0162,0.001,"",3.372,42.531,0.0594492923742924,1000
"5",200,0.0253,0.005,"",3.3,42.531,0.0594492923742924,1000
"6",400,0.0435,0.017,"",3.636,42.531,0.0594492923742924,1000
"7",800,0.08,0.134,"",23.205,42.531,0.0594492923742924,1000
"8",-1,NA,0.017,NA,NA,42.531,0.0594492923742924,1000
"9",999999,NA,0.826,NA,NA,42.531,0.0594492923742924,1000
