"","Dose","Rate","MTDFreq","MTDFlag","Npat","Noverall","DLTRate","FinishedSim"
"1",10,0.008,0,"",2.994,42.1052104208417,0.0610512094229529,998
"2",25,0.0094,0,"",2.952,42.1052104208417,0.0610512094229529,998
"3",50,0.0116,0,"",2.967,42.1052104208417,0.0610512094229529,998
"4",100,0.0162,0,"",3.024,42.1052104208417,0.0610512094229529,998
"5",200,0.0253,0.00601202404809619,"",3.057,42.1052104208417,0.0610512094229529,998
"6",400,0.0435,0.0160320641282565,"",3.327,42.1052104208417,0.0610512094229529,998
"7",800,0.08,0.151302605210421,"",23.7,42.1052104208417,0.0610512094229529,998
"8",-1,NA,0.0170340681362725,NA,NA,42.1052104208417,0.0610512094229529,998
"9",999999,NA,0.809619238476954,NA,NA,42.1052104208417,0.0610512094229529,998
