"","Dose","Rate","MTDFreq","MTDFlag","Npat","Noverall","DLTRate","FinishedSim"
"1",10,0.4,0.063508064516129,"",4.06451612903226,6.07258064516129,0.472343611809338,992
"2",25,0.4057,0.0604838709677419,"",1.46673387096774,6.07258064516129,0.472343611809338,992
"3",50,0.4152,0.0191532258064516,"",0.456653225806452,6.07258064516129,0.472343611809338,992
"4",100,0.4342,0.00201612903225806,"",0.0786290322580645,6.07258064516129,0.472343611809338,992
"5",200,0.4722,0,"",0.00604838709677419,6.07258064516129,0.472343611809338,992
"6",400,0.5481,0,"",0,6.07258064516129,0.472343611809338,992
"7",800,0.7,0,"",0,6.07258064516129,0.472343611809338,992
"8",-1,NA,0.854838709677419,NA,NA,6.07258064516129,0.472343611809338,992
