"","Dose","Rate","MTDFreq","MTDFlag","Npat","Noverall","DLTRate","FinishedSim"
"1",10,0.4,0.056,"",3.834,6.975,0.476129296629297,1000
"2",25,0.4057,0.064,"",1.938,6.975,0.476129296629297,1000
"3",50,0.4152,0.03,"",0.864,6.975,0.476129296629297,1000
"4",100,0.4342,0.009,"",0.249,6.975,0.476129296629297,1000
"5",200,0.4722,0.002,"",0.072,6.975,0.476129296629297,1000
"6",400,0.5481,0,"",0.018,6.975,0.476129296629297,1000
"7",800,0.7,0,"",0,6.975,0.476129296629297,1000
"8",-1,NA,0.838,NA,NA,6.975,0.476129296629297,1000
"9",999999,NA,0.001,NA,NA,6.975,0.476129296629297,1000
