"","Dose","Rate","MTDFreq","MTDFlag","Npat","Noverall","DLTRate","FinishedSim"
"1",10,0.4,0.063508064516129,"",4.032,6.08467741935484,0.472216621863799,992
"2",25,0.4057,0.0604838709677419,"",1.455,6.08467741935484,0.472216621863799,992
"3",50,0.4152,0.0191532258064516,"",0.471,6.08467741935484,0.472216621863799,992
"4",100,0.4342,0.00100806451612903,"",0.075,6.08467741935484,0.472216621863799,992
"5",200,0.4722,0,"",0.003,6.08467741935484,0.472216621863799,992
"6",400,0.5481,0,"",0,6.08467741935484,0.472216621863799,992
"7",800,0.7,0,"",0,6.08467741935484,0.472216621863799,992
"8",-1,NA,0.854838709677419,NA,NA,6.08467741935484,0.472216621863799,992
"9",999999,NA,0.00100806451612903,NA,NA,6.08467741935484,0.472216621863799,992
