"","Dose","Rate","MTDFreq","MTDFlag","Npat","Noverall","DLTRate","FinishedSim"
"1",10,0.4,0.0570570570570571,"",3.87687687687688,6.8978978978979,0.476151479855184,999
"2",25,0.4057,0.0630630630630631,"",1.82582582582583,6.8978978978979,0.476151479855184,999
"3",50,0.4152,0.029029029029029,"",0.861861861861862,6.8978978978979,0.476151479855184,999
"4",100,0.4342,0.01001001001001,"",0.249249249249249,6.8978978978979,0.476151479855184,999
"5",200,0.4722,0.002002002002002,"",0.0690690690690691,6.8978978978979,0.476151479855184,999
"6",400,0.5481,0,"",0.015015015015015,6.8978978978979,0.476151479855184,999
"7",800,0.7,0,"",0,6.8978978978979,0.476151479855184,999
"8",-1,NA,0.837837837837838,NA,NA,6.8978978978979,0.476151479855184,999
"9",999999,NA,0.001001001001001,NA,NA,6.8978978978979,0.476151479855184,999
