Dose,Rate,MTDFreq,MTDFlag,Npat,Noverall,DLTRate,FinishedSim
10,2e-4,0,,3,36.204,0.11996843896843896,1000
25,0.0013,0,,3.018,36.204,0.11996843896843896,1000
50,0.0051,0,,3.171,36.204,0.11996843896843896,1000
100,0.02,0.003,,6.669,36.204,0.11996843896843896,1000
200,0.0755,0.167,,10.116,36.204,0.11996843896843896,1000
400,0.2462,0.524,*,7.755,36.204,0.11996843896843896,1000
800,0.5664,0.039,,2.475,36.204,0.11996843896843896,1000
999999,NA,0.267,NA,NA,36.204,0.11996843896843896,1000
