Dose,Rate,MTDFreq,MTDFlag,Npat,Noverall,DLTRate,FinishedSim
10,2e-4,0,,3,30.231,0.15192769915269916,1000
25,0.0013,0,,3,30.231,0.15192769915269916,1000
50,0.0051,0,,3,30.231,0.15192769915269916,1000
100,0.02,0.003,,3.18,30.231,0.15192769915269916,1000
200,0.0755,0.246,,6.351,30.231,0.15192769915269916,1000
400,0.2462,0.624,*,7.929,30.231,0.15192769915269916,1000
800,0.5664,0.04,,3.771,30.231,0.15192769915269916,1000
999999,NA,0.087,NA,NA,30.231,0.15192769915269916,1000
