Dose,Rate,MTDFreq,MTDFlag,Npat,Noverall,DLTRate,FinishedSim
10,2e-4,0,,3,32.085,0.1427584434084434,1000
25,0.0013,0,,3.012,32.085,0.1427584434084434,1000
50,0.0051,0,,3.027,32.085,0.1427584434084434,1000
100,0.02,0.005,,3.933,32.085,0.1427584434084434,1000
200,0.0755,0.196,,7.005,32.085,0.1427584434084434,1000
400,0.2462,0.685,*,8.868,32.085,0.1427584434084434,1000
800,0.5664,0.042,,3.24,32.085,0.1427584434084434,1000
999999,NA,0.072,NA,NA,32.085,0.1427584434084434,1000
