Dose,Rate,MTDFreq,MTDFlag,Npat,Noverall,DLTRate,FinishedSim
10,2e-4,0,,3,30.309,0.15152511747511746,1000
25,0.0013,0,,3,30.309,0.15152511747511746,1000
50,0.0051,0,,3,30.309,0.15152511747511746,1000
100,0.02,0.003,,3.246,30.309,0.15152511747511746,1000
200,0.0755,0.251,,6.408,30.309,0.15152511747511746,1000
400,0.2462,0.615,*,7.923,30.309,0.15152511747511746,1000
800,0.5664,0.043,,3.732,30.309,0.15152511747511746,1000
999999,NA,0.088,NA,NA,30.309,0.15152511747511746,1000
