Dose,Rate,MTDFreq,MTDFlag,Npat,Noverall,DLTRate,FinishedSim
10,2e-4,0,,3,34.344,0.12910846838346837,1000
25,0.0013,0,,3.018,34.344,0.12910846838346837,1000
50,0.0051,0,,3.165,34.344,0.12910846838346837,1000
100,0.02,0.002,,4.71,34.344,0.12910846838346837,1000
200,0.0755,0.197,,9.501,34.344,0.12910846838346837,1000
400,0.2462,0.595,*,8.511,34.344,0.12910846838346837,1000
800,0.5664,0.03,,2.439,34.344,0.12910846838346837,1000
999999,NA,0.176,NA,NA,34.344,0.12910846838346837,1000
