Dose,Rate,MTDFreq,MTDFlag,Npat,Noverall,DLTRate,FinishedSim
10,0.008,0,,3.012,34.161,0.13584731657231658,1000
25,0.011,0,,3.066,34.161,0.13584731657231658,1000
50,0.018,0,,3.699,34.161,0.13584731657231658,1000
100,0.0455,0.045,,12.084,34.161,0.13584731657231658,1000
200,0.227,0.621,*,9.558,34.161,0.13584731657231658,1000
400,0.582,0.026,,2.529,34.161,0.13584731657231658,1000
800,0.6,0.001,,0.213,34.161,0.13584731657231658,1000
-1,NA,0.017,NA,NA,34.161,0.13584731657231658,1000
999999,NA,0.29,NA,NA,34.161,0.13584731657231658,1000
