Dose,Rate,MTDFreq,MTDFlag,Npat,Noverall,DLTRate,FinishedSim
10,0.008,0,,3,29.925,0.17359077774077775,1000
25,0.011,0,,2.967,29.925,0.17359077774077775,1000
50,0.018,0.001,,3.027,29.925,0.17359077774077775,1000
100,0.0455,0.057,,6.696,29.925,0.17359077774077775,1000
200,0.227,0.742,*,9.669,29.925,0.17359077774077775,1000
400,0.582,0.053,,3.876,29.925,0.17359077774077775,1000
800,0.6,0.003,,0.69,29.925,0.17359077774077775,1000
-1,NA,0.017,NA,NA,29.925,0.17359077774077775,1000
999999,NA,0.127,NA,NA,29.925,0.17359077774077775,1000
