Dose,Rate,MTDFreq,MTDFlag,Npat,Noverall,DLTRate,FinishedSim
10,0.008,0,,3.012,35.739,0.1290855561105561,1000
25,0.011,0,,3.069,35.739,0.1290855561105561,1000
50,0.018,0,,3.738,35.739,0.1290855561105561,1000
100,0.0455,0.047,,14.301,35.739,0.1290855561105561,1000
200,0.227,0.561,*,9.033,35.739,0.1290855561105561,1000
400,0.582,0.028,,2.364,35.739,0.1290855561105561,1000
800,0.6,0.002,,0.222,35.739,0.1290855561105561,1000
-1,NA,0.017,NA,NA,35.739,0.1290855561105561,1000
999999,NA,0.345,NA,NA,35.739,0.1290855561105561,1000
