Dose,Rate,MTDFreq,MTDFlag,Npat,Noverall,DLTRate,FinishedSim
10,0.008,0,,3.012,31.665,0.16367964072964072,1000
25,0.011,0,,3.027,31.665,0.16367964072964072,1000
50,0.018,0,,3.114,31.665,0.16367964072964072,1000
100,0.0455,0.051,,7.911,31.665,0.16367964072964072,1000
200,0.227,0.749,*,10.575,31.665,0.16367964072964072,1000
400,0.582,0.044,,3.726,31.665,0.16367964072964072,1000
800,0.6,0.002,,0.3,31.665,0.16367964072964072,1000
-1,NA,0.017,NA,NA,31.665,0.16367964072964072,1000
999999,NA,0.137,NA,NA,31.665,0.16367964072964072,1000
