Dose,Rate,MTDFreq,MTDFlag,Npat,Noverall,DLTRate
10,2e-4,0,,3,36.438,0.1442551134051134
25,0.0013,0,,3.012,36.438,0.1442551134051134
50,0.0051,0,,3.21,36.438,0.1442551134051134
100,0.02,0.002,,3.984,36.438,0.1442551134051134
200,0.0755,0.154,,9.432,36.438,0.1442551134051134
400,0.2462,0.55,*,10.5,36.438,0.1442551134051134
800,0.5664,0.04,,3.3,36.438,0.1442551134051134
999999,NA,0.254,NA,NA,36.438,0.1442551134051134
