Dose,Rate,MTDFreq,MTDFlag,Npat,Noverall,DLTRate
10,2e-4,0,,3,37.572,0.12789090909090908
25,0.0013,0,,3.018,37.572,0.12789090909090908
50,0.0051,0,,3.33,37.572,0.12789090909090908
100,0.02,0.002,,4.458,37.572,0.12789090909090908
200,0.0755,0.144,,12.306,37.572,0.12789090909090908
400,0.2462,0.484,*,9.036,37.572,0.12789090909090908
800,0.5664,0.018,,2.424,37.572,0.12789090909090908
999999,NA,0.352,NA,NA,37.572,0.12789090909090908
