Dose,Rate,MTDFreq,MTDFlag,Npat,Noverall,DLTRate
10,2e-4,0,,3,39.756,0.11141878121878122
25,0.0013,0,,3.03,39.756,0.11141878121878122
50,0.0051,0,,3.414,39.756,0.11141878121878122
100,0.02,0,,8.232,39.756,0.11141878121878122
200,0.0755,0.106,,11.604,39.756,0.11141878121878122
400,0.2462,0.384,*,8.1,39.756,0.11141878121878122
800,0.5664,0.012,,2.376,39.756,0.11141878121878122
999999,NA,0.498,NA,NA,39.756,0.11141878121878122
