Dose,Rate,MTDFreq,MTDFlag,Npat,Noverall,DLTRate
10,0.008,0,,3,35.886,0.13426079476079475
25,0.011,0,,3.036,35.886,0.13426079476079475
50,0.018,0,,3.894,35.886,0.13426079476079475
100,0.0455,0.03,,13.074,35.886,0.13426079476079475
200,0.227,0.53,*,10.434,35.886,0.13426079476079475
400,0.582,0.024,,2.292,35.886,0.13426079476079475
800,0.6,0,,0.156,35.886,0.13426079476079475
-1,NA,0.024,NA,NA,35.886,0.13426079476079475
999999,NA,0.392,NA,NA,35.886,0.13426079476079475
