Dose,Rate,MTDFreq,MTDFlag,Npat,Noverall,DLTRate
10,0.008,0,,3,34.194,0.16633913678913678
25,0.011,0,,3,34.194,0.16633913678913678
50,0.018,0,,3.45,34.194,0.16633913678913678
100,0.0455,0.036,,8.676,34.194,0.16633913678913678
200,0.227,0.702,*,11.754,34.194,0.16633913678913678
400,0.582,0.03,,4.062,34.194,0.16633913678913678
800,0.6,0,,0.252,34.194,0.16633913678913678
-1,NA,0.024,NA,NA,34.194,0.16633913678913678
999999,NA,0.208,NA,NA,34.194,0.16633913678913678
