Dose,Rate,MTDFreq,MTDFlag,Npat,Noverall,DLTRate
10,0.008,0,,3,39.348,0.11668818403818404
25,0.011,0,,3.072,39.348,0.11668818403818404
50,0.018,0.002,,4.44,39.348,0.11668818403818404
100,0.0455,0.018,,17.934,39.348,0.11668818403818404
200,0.227,0.338,*,8.91,39.348,0.11668818403818404
400,0.582,0.012,,1.824,39.348,0.11668818403818404
800,0.6,0,,0.168,39.348,0.11668818403818404
-1,NA,0.024,NA,NA,39.348,0.11668818403818404
999999,NA,0.606,NA,NA,39.348,0.11668818403818404
